34xp4vRoCGJym3xR7yCVPFHoCNxv4Twseo,28812620075526,23e522dfc6656a8fda3d47b4fa53f7585ac758cd
1P5ZEDWTKTFGxQjZphgWPQUpe554WKDfHQ,11084160571778,f22f5563839ba6ba5aa8d3726fcbc675cb3e4c9e
37XuVSEpWW4trkfmvWzegTHQt7BdktSKUs,9450511396530,4017a4219d12f11e4649d2ae9eef5bd4c9bf0d80
38UmuUqPCrFmQo4khkomQwZ4VbY2nZMJ67,8506402156623,4a782fe173a0b6718d39667b420d9c8b07e94262
3Kzh9qAqVWQhEsfQz7zEQL1EuSx5tyNLNS,8251371289157,c8ca150ee82589d47f69b8dcd7cad684d88283f1
1FeexV6bAHb8ybZjqQMjJrcCrHGW9sb6uF,7995720678552,a0b0d60e5991578ed37cbda2b17d8b2ce23ab295
3LYJfcfHPXYJreMsASk2jkn69LWEYKzexb,7360113641685,cec49f4d16b05fe163e41b15856732d985d36277
35hK24tcLEWcgNA4JxpvbkNkoAcDGqQPsP,7300043361144,2beec605c9a6512f55fe93ad76753e24fc8579b0
19iqYbeATe4RxghQZJnYVFU4mjUUu76EA6,6693416035959,5faa9576e45acbc9662b6abf323229b748a9495d
3LQeSjqS5aXJVCDGSHPR88QvjheTwrhP8N,5881497793330,cd51cdee1b3fb8797f51627b965f76ba78deb976
1LdRcdxfbSnmCYYNdeYpUnztiYzVfBEQeC,5388006045490,d74de95f65799793f16b91ed8a152110652d3ec0
1AC4fMwgY8j9onSbXEWeH6Zan8QGMSdmtA,5183035980380,64d0c396792fda739dbb4caa162fb23e7b1b6ee2
1LruNZjwamWJXThX2Y8C2d47QqhAkkc5os,4400008617126,d9da7d6362c9f89c4b389a551b4038fedffd4612
3Gpex6g5FPmYWm26myFq7dW12ntd8zMcCY,4001396037953,a5fbb4f833dc2b70bce8fbecb6baf9b5267e11c8